user,PR
"dduportal",81
"gounthar",78
"MarkEWaite",72
"strangelookingnerd",71
"basil",56
"jonesbusy",39
"lemeurherve",34
"jglick",25
"smerle33",22
"sridamul",19
"shlomomdahan",18
"mawinter69",15
"cyrille-leclerc",15
"viceice",13
"timja",13
"daniel-beck",11
"jayfranco999",10
"jtnord",9
"Vlatombe",7
"ivamly",6
"Abhay93280",6
"hedtkeCqse",5
"alecharp",5
"mtughan",4
"kuisathaverat",4
"brokenpip3",4
"alyssat",4
"PereBueno",4
"NotMyFault",4
"MxEh-TT",4
"Enigo",4
"Dohbedoh",4
"zaman-akib",3
"uhafner",3
"sampath-methuku-servicenow",3
"pankajy-dev",3
"olamy",3
"nikita-tkachenko-datadog",3
"nfantoni",3
"michaelrustam",3
"maksudur-rahman-maruf",3
"magnusbaeck",3
"jsmith-cb",3
"jherter",3
"janfaracik",3
"dkjellin",3
"bradleyjones",3
"axieum",3
"al3xanndru",3
"ZiLiangYeoh",3
"zbynek",2
"weiliu0506",2
"srid3",2
"sghill",2
"sadmananik",2
"roy94bit",2
"palfirobert",2
"mhoffrog",2
"mdealer",2
"kvanzuijlen",2
"julieheard",2
"jmdesprez",2
"jeromepochat",2
"itzikbekelmicrosoft",2
"hananali0311",2
"devaquasec",2
"cpfarherFinitestate",2
"c0d3m0nky",2
"ashish-levelops",2
"StefanSpieker",2
"SmartBearAshutosh",2
"Meeklekinz",2
"GBwandersoncamargo",2
"DashlineJoveDSouza",2
"CJohanH",2
"yvpatel",1
"williamheng89",1
"wenwen12341234",1
"waltwilo",1
"vtwaldo21",1
"volbobvol",1
"vishalhcl-5960",1
"vhajk",1
"tseringnam",1
"truclemsoft",1
"tiagobcx",1
"tate-button",1
"stuartrowe",1
"stchar",1
"sstafford",1
"speedythesnail",1
"skumar7322",1
"sistemi-iungo",1
"sephiroth-j",1
"schiasileon",1
"sboardwell",1
"sachindevtomar",1
"rsandell",1
"rrybalkin",1
"rliu-parasoft",1
"rkosegi",1
"rdengale",1
"qwederpulz",1
"quijote",1
"profhenry",1
"pranali11",1
"pgermosen",1
"pfeuffer",1
"pavel-snyk",1
"patrikcerbak",1
"panicking",1
"offa",1
"nosnilmot",1
"niravrsynopsys",1
"ndhelbao",1
"mprausa",1
"mohamedshaaban92",1
"mikecirioli",1
"michael-doubez",1
"markush81",1
"malqabbani",1
"logresearch",1
"kumard0303",1
"krystaltt",1
"krisstern",1
"krazziekay",1
"kirk-fitz",1
"kinow",1
"justusbunsi",1
"jovo3",1
"joshkay10",1
"jesrig",1
"itfsw",1
"isaacsatish",1
"ironcerocloudbees",1
"hgolla-repos",1
"gurumurthygd",1
"goossda",1
"giannello",1
"gargmukku07",1
"francisf",1
"ferdowsahmady",1
"ettedisiddu18",1
"duemir",1
"dev-divyansh",1
"darpanLalwani",1
"damianszczepanik",1
"colshine1",1
"chnadinivamsi",1
"chethanr777",1
"cfraenkel",1
"bot-githubaction",1
"beikov",1
"balakine",1
"aytuncbeken",1
"arakhmatillaeva",1
"ansh-devs",1
"ankit2995",1
"andreibangau99",1
"amuniz",1
"allenlee65",1
"abayer",1
"Waschndolos",1
"Tyler-35",1
"TobiX",1
"TheMeinerLP",1
"TechWithKhanam",1
"TalGevaSpot",1
"TT-S3-D1",1
"Siyanda08",1
"Saptarshi62",1
"Ryusunok",1
"RandomInEqualities",1
"RafalMroczkowski",1
"PierreBtz",1
"Munishh992",1
"MarkRx",1
"MarioFuchsTT",1
"Ma11hewThomas",1
"MCMicS",1
"Lickyst2013",1
"Kiryushin-Andrey",1
"Gozke",1
"Coder-Pilgrim",1
"CalixtoSD117",1
"CJkrishnan",1
"BorisYaoA",1
"AmruthaPobbati",1
"Alaurant",1
"ADaRShsiNgh456",1
"4o3F",1
